,ProactivityStrategy,#Duration,#Points,#HelpRequest,#SuggestionRequest,mean_Trust,last_Trust
0,Strategy_machine_learning,451.0,200,1,1,2.25,2
1,Strategy_machine_learning,434.0,160,1,2,4.25,4
2,Strategy_machine_learning,481.0,180,0,1,2.75,2
3,Strategy_machine_learning,365.0,140,0,2,3.75,4
4,Strategy_machine_learning,402.0,170,0,1,4.083333333333333,4
5,Strategy_machine_learning,457.0,180,1,2,3.0833333333333335,3
6,Strategy_machine_learning,376.0,160,0,3,2.8333333333333335,2
7,Strategy_machine_learning,489.0,160,1,2,2.8333333333333335,3
8,Strategy_machine_learning,460.0,180,0,1,3.1666666666666665,4
9,Strategy_machine_learning,553.0,160,0,3,2.6666666666666665,2
10,Strategy_machine_learning,421.0,200,0,2,4.0,4
11,Strategy_machine_learning,419.0,190,0,3,2.9166666666666665,3
12,Strategy_machine_learning,422.0,170,2,1,4.0,4
13,Strategy_machine_learning,434.0,200,0,1,3.1666666666666665,2
14,Strategy_machine_learning,429.0,180,2,2,2.0833333333333335,2
15,Strategy_machine_learning,482.0,150,2,1,2.3333333333333335,2
16,Strategy_machine_learning,407.0,190,1,3,2.6666666666666665,2
17,Strategy_machine_learning,404.0,180,0,2,2.75,2
18,Strategy_machine_learning,429.0,170,0,3,3.1666666666666665,3
19,Strategy_machine_learning,384.0,170,0,2,3.9166666666666665,4
20,Strategy_machine_learning,451.0,190,0,2,3.0,3
21,Strategy_machine_learning,477.0,180,0,2,3.0,2
22,Strategy_machine_learning,422.0,190,0,3,2.6666666666666665,2
23,Strategy_machine_learning,426.0,190,0,2,2.3333333333333335,2
24,Strategy_machine_learning,494.0,180,0,2,3.0,4
25,Strategy_machine_learning,425.0,160,0,1,2.0833333333333335,2
26,Strategy_machine_learning,468.0,170,0,3,2.8333333333333335,3
27,Strategy_machine_learning,390.0,180,1,2,3.9166666666666665,4
28,Strategy_machine_learning,408.0,140,0,1,2.8333333333333335,2
29,Strategy_machine_learning,425.0,190,0,2,2.3333333333333335,2
30,Strategy_machine_learning,420.0,160,0,3,2.5,2
31,Strategy_machine_learning,374.0,170,0,1,3.8333333333333335,4
32,Strategy_machine_learning,486.0,180,0,1,2.9166666666666665,3
33,Strategy_machine_learning,409.0,180,1,2,3.3333333333333335,2
34,Strategy_machine_learning,504.0,170,0,2,2.4166666666666665,2
35,Strategy_machine_learning,400.0,170,0,2,3.9166666666666665,3
36,Strategy_machine_learning,440.0,180,1,3,3.3333333333333335,2
37,Strategy_machine_learning,446.0,190,0,3,2.5,2
38,Strategy_machine_learning,410.0,130,0,1,2.0833333333333335,2
39,Strategy_machine_learning,367.0,160,0,2,3.4166666666666665,2
40,Strategy_machine_learning,498.0,190,0,1,2.8333333333333335,2
41,Strategy_machine_learning,551.0,180,1,4,2.3333333333333335,2
42,Strategy_machine_learning,433.0,180,0,0,3.1666666666666665,2
43,Strategy_machine_learning,434.0,170,1,3,2.3333333333333335,2
44,Strategy_machine_learning,453.0,180,0,1,2.8333333333333335,2
45,Strategy_machine_learning,461.0,200,2,1,4.416666666666667,5
46,Strategy_machine_learning,473.0,180,0,2,2.8333333333333335,2
47,Strategy_machine_learning,460.0,190,0,3,2.75,3
48,Strategy_machine_learning,439.0,190,0,3,2.9166666666666665,2
49,Strategy_machine_learning,462.0,170,1,1,3.5833333333333335,4
50,Strategy_machine_learning,385.0,170,2,2,2.1666666666666665,2
51,Strategy_machine_learning,391.0,160,0,4,3.8333333333333335,4
52,Strategy_machine_learning,454.0,140,1,1,2.75,2
53,Strategy_machine_learning,427.0,190,0,2,2.4166666666666665,2
54,Strategy_machine_learning,436.0,180,1,3,3.3333333333333335,4
55,Strategy_machine_learning,573.0,180,0,2,3.0,4
56,Strategy_machine_learning,351.0,180,0,1,3.3333333333333335,4
57,Strategy_machine_learning,375.0,150,0,3,3.0833333333333335,2
58,Strategy_machine_learning,489.0,160,0,2,2.75,4
59,Strategy_machine_learning,436.0,160,0,4,3.0,4
60,Strategy_machine_learning,466.0,150,2,1,2.0833333333333335,2
61,Strategy_machine_learning,459.0,140,1,0,2.6666666666666665,3
62,Strategy_machine_learning,444.0,170,0,2,3.4166666666666665,4
63,Strategy_machine_learning,411.0,170,0,1,3.0,3
64,Strategy_machine_learning,469.0,180,0,1,3.0,3
65,Strategy_machine_learning,442.0,180,0,1,2.25,2
66,Strategy_machine_learning,433.0,170,0,3,3.0,3
67,Strategy_machine_learning,449.0,200,0,2,2.3333333333333335,2
68,Strategy_machine_learning,501.0,200,0,1,2.6666666666666665,2
69,Strategy_machine_learning,476.0,190,0,3,3.0,3
70,Strategy_machine_learning,420.0,190,0,1,3.3333333333333335,4
71,Strategy_machine_learning,416.0,130,1,2,3.0,3
72,Strategy_machine_learning,478.0,170,0,6,3.3333333333333335,4
73,Strategy_machine_learning,390.0,150,0,4,3.4166666666666665,4
74,Strategy_machine_learning,564.0,190,0,4,2.9166666666666665,3
75,Strategy_machine_learning,556.0,150,0,1,3.3333333333333335,2
76,Strategy_machine_learning,474.0,170,0,3,4.0,4
77,Strategy_machine_learning,574.0,180,0,4,3.75,4
78,Strategy_machine_learning,482.0,140,0,3,3.0833333333333335,4
79,Strategy_machine_learning,470.0,180,0,3,2.25,2
80,Strategy_machine_learning,485.0,150,0,2,3.8333333333333335,4
81,Strategy_machine_learning,496.0,190,0,2,2.0833333333333335,2
82,Strategy_machine_learning,429.0,160,0,2,3.6666666666666665,4
83,Strategy_machine_learning,423.0,170,0,2,4.083333333333333,4
84,Strategy_machine_learning,418.0,150,0,3,3.6666666666666665,4
85,Strategy_machine_learning,457.0,190,0,1,2.0833333333333335,2
86,Strategy_machine_learning,490.0,170,1,3,2.9166666666666665,3
87,Strategy_machine_learning,459.0,150,2,4,2.1666666666666665,2
88,Strategy_machine_learning,461.0,180,0,1,2.5,2
89,Strategy_machine_learning,493.0,180,1,3,2.75,2
90,Strategy_machine_learning,449.0,190,0,2,3.5,4
91,Strategy_machine_learning,484.0,160,1,2,3.0,2
92,Strategy_machine_learning,442.0,180,0,0,2.0,2
93,Strategy_machine_learning,428.0,190,1,0,2.6666666666666665,4
94,Strategy_machine_learning,451.0,200,0,3,2.5833333333333335,2
95,Strategy_machine_learning,502.0,150,2,1,2.1666666666666665,2
96,Strategy_machine_learning,418.0,190,1,1,3.25,3
97,Strategy_machine_learning,418.0,180,0,2,2.25,2
98,Strategy_machine_learning,458.0,200,0,1,3.8333333333333335,4
99,Strategy_machine_learning,418.0,170,2,3,3.1666666666666665,2
100,Strategy_machine_learning,444.0,190,1,3,3.0,2
101,Strategy_machine_learning,544.0,160,0,2,3.25,3
102,Strategy_machine_learning,395.0,180,0,2,2.1666666666666665,2
103,Strategy_machine_learning,478.0,170,1,3,3.0,2
104,Strategy_machine_learning,506.0,180,1,2,2.3333333333333335,2
105,Strategy_machine_learning,478.0,180,0,2,2.9166666666666665,2
106,Strategy_machine_learning,363.0,180,0,2,3.5833333333333335,4
107,Strategy_machine_learning,459.0,180,1,1,3.8333333333333335,4
108,Strategy_machine_learning,381.0,150,0,1,3.25,4
109,Strategy_machine_learning,462.0,170,0,0,3.25,3
110,Strategy_machine_learning,510.0,190,0,2,3.5,4
111,Strategy_machine_learning,400.0,160,0,2,3.3333333333333335,3
112,Strategy_machine_learning,512.0,180,0,2,2.9166666666666665,4
113,Strategy_machine_learning,401.0,170,0,1,2.5,3
114,Strategy_machine_learning,407.0,180,2,1,3.5833333333333335,4
115,Strategy_machine_learning,501.0,160,0,3,3.5,4
116,Strategy_machine_learning,518.0,190,0,2,2.0,2
117,Strategy_machine_learning,352.0,200,1,1,2.6666666666666665,2
118,Strategy_machine_learning,581.0,170,1,3,2.6666666666666665,3
119,Strategy_machine_learning,432.0,180,0,2,4.0,4
120,Strategy_machine_learning,454.0,180,0,3,3.0833333333333335,3
121,Strategy_machine_learning,452.0,180,0,1,2.0833333333333335,2
122,Strategy_machine_learning,399.0,160,0,2,3.5,4
123,Strategy_machine_learning,465.0,170,0,2,3.0,3
124,Strategy_machine_learning,388.0,160,1,2,3.5,4
125,Strategy_machine_learning,420.0,170,1,3,2.3333333333333335,2
126,Strategy_machine_learning,489.0,170,0,1,3.3333333333333335,2
127,Strategy_machine_learning,396.0,190,1,3,3.25,4
128,Strategy_machine_learning,427.0,140,0,2,2.6666666666666665,2
129,Strategy_machine_learning,532.0,170,1,1,3.1666666666666665,3
130,Strategy_machine_learning,420.0,170,0,2,3.1666666666666665,3
131,Strategy_machine_learning,418.0,160,0,2,3.4166666666666665,4
132,Strategy_machine_learning,379.0,150,2,3,3.5,4
133,Strategy_machine_learning,463.0,140,0,3,2.6666666666666665,2
134,Strategy_machine_learning,403.0,160,1,2,3.25,3
135,Strategy_machine_learning,411.0,180,0,1,3.1666666666666665,4
136,Strategy_machine_learning,475.0,150,0,3,2.9166666666666665,3
137,Strategy_machine_learning,517.0,170,0,3,2.4166666666666665,2
138,Strategy_machine_learning,525.0,190,0,2,2.3333333333333335,2
139,Strategy_machine_learning,505.0,180,0,3,3.6666666666666665,4
140,Strategy_machine_learning,495.0,190,0,3,2.8333333333333335,3
141,Strategy_machine_learning,467.0,160,0,1,2.6666666666666665,2
142,Strategy_machine_learning,448.0,180,0,1,2.75,3
143,Strategy_machine_learning,442.0,170,1,1,3.5,2
144,Strategy_machine_learning,446.0,180,0,2,3.1666666666666665,3
145,Strategy_machine_learning,410.0,170,1,1,3.0833333333333335,2
146,Strategy_machine_learning,476.0,150,0,4,2.5833333333333335,3
147,Strategy_machine_learning,498.0,180,0,2,2.0833333333333335,2
148,Strategy_machine_learning,406.0,160,1,4,2.8333333333333335,3
149,Strategy_machine_learning,401.0,160,0,1,3.0833333333333335,4
150,Strategy_machine_learning,480.0,170,1,2,2.8333333333333335,3
151,Strategy_machine_learning,472.0,180,0,2,3.0,3
152,Strategy_machine_learning,444.0,190,0,2,3.0833333333333335,3
153,Strategy_machine_learning,404.0,160,0,2,2.5,2
154,Strategy_machine_learning,460.0,190,0,4,2.0833333333333335,2
155,Strategy_machine_learning,428.0,180,1,3,3.0,3
156,Strategy_machine_learning,414.0,170,0,4,3.6666666666666665,4
157,Strategy_machine_learning,418.0,160,0,3,3.5833333333333335,4
158,Strategy_machine_learning,464.0,180,1,0,3.0833333333333335,2
159,Strategy_machine_learning,452.0,160,0,2,2.5,2
160,Strategy_machine_learning,402.0,160,0,2,3.0,3
161,Strategy_machine_learning,417.0,180,2,2,3.0,3
162,Strategy_machine_learning,433.0,140,0,1,2.0,2
163,Strategy_machine_learning,493.0,190,0,4,2.9166666666666665,3
164,Strategy_machine_learning,502.0,180,0,2,3.3333333333333335,4
165,Strategy_machine_learning,487.0,150,0,2,2.25,2
166,Strategy_machine_learning,435.0,170,0,1,3.3333333333333335,2
167,Strategy_machine_learning,434.0,190,0,3,2.5,2
168,Strategy_machine_learning,444.0,170,0,4,3.5,2
169,Strategy_machine_learning,412.0,180,2,2,3.9166666666666665,2
170,Strategy_machine_learning,462.0,140,1,2,2.75,3
171,Strategy_machine_learning,489.0,140,0,2,3.25,3
172,Strategy_machine_learning,483.0,180,1,1,3.5833333333333335,2
173,Strategy_machine_learning,475.0,190,1,4,3.0833333333333335,4
174,Strategy_machine_learning,499.0,160,2,3,3.4166666666666665,4
175,Strategy_machine_learning,513.0,170,0,1,2.0,2
176,Strategy_machine_learning,440.0,190,0,1,2.3333333333333335,2
177,Strategy_machine_learning,383.0,160,1,1,4.0,4
178,Strategy_machine_learning,444.0,180,0,2,3.4166666666666665,4
179,Strategy_machine_learning,444.0,170,0,3,2.6666666666666665,2
180,Strategy_machine_learning,411.0,170,0,2,3.9166666666666665,4
181,Strategy_machine_learning,463.0,170,0,3,3.1666666666666665,4
182,Strategy_machine_learning,646.0,180,0,1,2.25,2
183,Strategy_machine_learning,404.0,180,0,1,3.9166666666666665,4
184,Strategy_machine_learning,442.0,150,0,3,3.5,4
185,Strategy_machine_learning,469.0,190,0,5,4.5,5
186,Strategy_machine_learning,383.0,170,0,2,3.6666666666666665,4
187,Strategy_machine_learning,357.0,180,1,1,3.8333333333333335,4
188,Strategy_machine_learning,595.0,170,0,2,3.5,4
189,Strategy_machine_learning,390.0,190,1,1,3.1666666666666665,2
190,Strategy_machine_learning,392.0,160,0,1,4.0,4
191,Strategy_machine_learning,448.0,190,0,1,2.8333333333333335,4
192,Strategy_machine_learning,511.0,200,0,1,2.8333333333333335,2
193,Strategy_machine_learning,402.0,170,0,1,3.5833333333333335,4
194,Strategy_machine_learning,462.0,180,0,2,3.6666666666666665,4
195,Strategy_machine_learning,411.0,170,0,1,4.0,4
196,Strategy_machine_learning,394.0,200,1,2,3.6666666666666665,4
197,Strategy_machine_learning,385.0,150,1,1,3.9166666666666665,4
198,Strategy_machine_learning,470.0,170,0,5,3.4166666666666665,4
199,Strategy_machine_learning,397.0,150,0,3,3.5833333333333335,4
200,Strategy_machine_learning,478.0,170,0,0,3.1666666666666665,2
201,Strategy_machine_learning,406.0,180,2,2,3.1666666666666665,3
202,Strategy_machine_learning,429.0,190,0,3,2.0833333333333335,2
203,Strategy_machine_learning,401.0,130,1,3,2.8333333333333335,3
204,Strategy_machine_learning,379.0,190,0,2,3.1666666666666665,2
205,Strategy_machine_learning,393.0,180,0,2,3.0,4
206,Strategy_machine_learning,479.0,200,0,2,2.6666666666666665,2
207,Strategy_machine_learning,480.0,190,0,4,3.0833333333333335,3
208,Strategy_machine_learning,504.0,160,0,3,2.8333333333333335,2
209,Strategy_machine_learning,480.0,150,0,3,2.4166666666666665,2
210,Strategy_machine_learning,403.0,150,0,3,2.6666666666666665,2
211,Strategy_machine_learning,460.0,200,0,3,3.3333333333333335,2
212,Strategy_machine_learning,454.0,180,1,2,3.5,4
213,Strategy_machine_learning,516.0,200,0,3,4.0,4
214,Strategy_machine_learning,418.0,160,0,2,4.0,4
215,Strategy_machine_learning,445.0,170,0,1,2.0,2
216,Strategy_machine_learning,449.0,170,1,3,2.5833333333333335,2
217,Strategy_machine_learning,419.0,160,1,3,3.4166666666666665,3
218,Strategy_machine_learning,439.0,180,1,1,4.0,4
219,Strategy_machine_learning,412.0,170,0,3,3.1666666666666665,4
220,Strategy_machine_learning,409.0,190,1,1,2.5,2
221,Strategy_machine_learning,456.0,180,0,2,3.25,3
222,Strategy_machine_learning,427.0,150,0,2,2.8333333333333335,2
223,Strategy_machine_learning,421.0,200,0,3,2.6666666666666665,3
224,Strategy_machine_learning,525.0,160,1,1,3.1666666666666665,2
225,Strategy_machine_learning,476.0,190,1,3,2.4166666666666665,2
226,Strategy_machine_learning,425.0,130,1,2,3.25,2
227,Strategy_machine_learning,379.0,170,1,2,3.5833333333333335,4
228,Strategy_machine_learning,516.0,160,0,5,2.5,2
229,Strategy_machine_learning,426.0,190,0,1,3.0833333333333335,3
230,Strategy_machine_learning,432.0,180,1,1,2.25,2
231,Strategy_machine_learning,457.0,180,1,4,3.5,4
232,Strategy_machine_learning,486.0,140,0,1,3.5833333333333335,4
233,Strategy_machine_learning,439.0,170,0,4,3.1666666666666665,3
234,Strategy_machine_learning,421.0,180,0,2,2.25,2
235,Strategy_machine_learning,446.0,180,0,2,2.4166666666666665,2
236,Strategy_machine_learning,409.0,200,1,2,2.3333333333333335,2
237,Strategy_machine_learning,407.0,180,0,3,2.5833333333333335,2
238,Strategy_machine_learning,410.0,160,1,2,2.5,2
239,Strategy_machine_learning,429.0,170,1,2,3.6666666666666665,2
240,Strategy_machine_learning,424.0,150,0,3,3.3333333333333335,4
241,Strategy_machine_learning,442.0,190,1,4,3.0,3
242,Strategy_machine_learning,445.0,170,0,2,3.0,3
243,Strategy_machine_learning,497.0,170,2,1,3.4166666666666665,3
244,Strategy_machine_learning,509.0,180,1,3,3.9166666666666665,4
245,Strategy_machine_learning,446.0,180,1,3,3.8333333333333335,4
246,Strategy_machine_learning,414.0,180,1,1,3.0,3
247,Strategy_machine_learning,452.0,160,1,3,2.9166666666666665,3
248,Strategy_machine_learning,506.0,170,1,1,3.5833333333333335,4
249,Strategy_machine_learning,463.0,170,0,1,3.6666666666666665,4
250,Strategy_machine_learning,504.0,180,1,2,3.3333333333333335,4
251,Strategy_machine_learning,389.0,180,1,3,3.0833333333333335,3
252,Strategy_machine_learning,454.0,170,1,3,3.5,4
253,Strategy_machine_learning,406.0,160,0,2,4.25,4
254,Strategy_machine_learning,502.0,150,0,1,2.3333333333333335,2
255,Strategy_machine_learning,436.0,170,0,3,3.75,4
256,Strategy_machine_learning,446.0,150,0,3,3.1666666666666665,3
257,Strategy_machine_learning,504.0,200,1,3,2.0833333333333335,2
258,Strategy_machine_learning,463.0,170,0,2,2.1666666666666665,2
259,Strategy_machine_learning,472.0,180,1,2,2.6666666666666665,4
260,Strategy_machine_learning,454.0,160,0,1,3.8333333333333335,4
261,Strategy_machine_learning,398.0,190,1,3,3.75,2
262,Strategy_machine_learning,488.0,150,0,2,2.1666666666666665,2
263,Strategy_machine_learning,408.0,140,0,2,2.9166666666666665,3
264,Strategy_machine_learning,445.0,180,0,1,2.25,2
265,Strategy_machine_learning,400.0,170,0,2,3.75,4
266,Strategy_machine_learning,469.0,180,1,2,3.5833333333333335,4
267,Strategy_machine_learning,390.0,170,0,1,2.9166666666666665,3
268,Strategy_machine_learning,469.0,200,0,3,4.0,4
269,Strategy_machine_learning,426.0,160,1,3,3.5,4
270,Strategy_machine_learning,397.0,180,1,3,4.0,4
271,Strategy_machine_learning,421.0,190,0,5,2.8333333333333335,4
272,Strategy_machine_learning,380.0,190,1,2,3.6666666666666665,4
273,Strategy_machine_learning,374.0,170,1,2,3.6666666666666665,4
274,Strategy_machine_learning,414.0,150,0,2,3.5833333333333335,4
275,Strategy_machine_learning,432.0,160,0,2,2.5,2
276,Strategy_machine_learning,408.0,170,0,2,2.8333333333333335,4
277,Strategy_machine_learning,429.0,200,0,1,4.0,4
278,Strategy_machine_learning,424.0,200,1,2,2.8333333333333335,2
279,Strategy_machine_learning,374.0,160,0,3,3.8333333333333335,4
280,Strategy_machine_learning,471.0,160,0,2,2.8333333333333335,2
281,Strategy_machine_learning,416.0,180,0,4,3.0833333333333335,3
282,Strategy_machine_learning,434.0,160,0,2,2.75,4
283,Strategy_machine_learning,396.0,190,1,1,3.6666666666666665,4
284,Strategy_machine_learning,408.0,160,0,1,3.0833333333333335,3
285,Strategy_machine_learning,458.0,140,0,2,2.5,2
286,Strategy_machine_learning,403.0,190,0,2,3.0833333333333335,2
287,Strategy_machine_learning,528.0,170,0,1,2.5833333333333335,3
288,Strategy_machine_learning,436.0,190,0,2,2.5833333333333335,2
289,Strategy_machine_learning,501.0,170,1,1,2.5833333333333335,2
290,Strategy_machine_learning,424.0,180,0,4,3.0833333333333335,3
291,Strategy_machine_learning,423.0,190,0,3,2.5833333333333335,2
292,Strategy_machine_learning,430.0,190,1,3,4.0,4
293,Strategy_machine_learning,473.0,150,0,3,3.8333333333333335,4
294,Strategy_machine_learning,396.0,180,0,3,3.6666666666666665,4
295,Strategy_machine_learning,516.0,190,1,2,3.3333333333333335,2
296,Strategy_machine_learning,416.0,180,1,3,3.0,2
297,Strategy_machine_learning,430.0,170,0,0,4.083333333333333,4
298,Strategy_machine_learning,410.0,150,1,1,3.3333333333333335,4
299,Strategy_machine_learning,471.0,160,0,1,2.3333333333333335,2
300,Strategy_machine_learning,445.0,180,0,2,3.25,2
301,Strategy_machine_learning,419.0,160,0,2,3.0,3
302,Strategy_machine_learning,449.0,190,0,1,3.0,2
303,Strategy_machine_learning,392.0,150,0,3,3.9166666666666665,4
304,Strategy_machine_learning,432.0,180,0,3,3.0833333333333335,3
305,Strategy_machine_learning,465.0,170,2,1,2.8333333333333335,3
306,Strategy_machine_learning,433.0,180,0,4,3.0833333333333335,2
307,Strategy_machine_learning,473.0,140,2,0,2.1666666666666665,2
308,Strategy_machine_learning,380.0,190,1,2,3.75,4
309,Strategy_machine_learning,452.0,130,0,4,2.3333333333333335,2
310,Strategy_machine_learning,414.0,140,2,0,2.75,2
311,Strategy_machine_learning,411.0,190,0,1,3.0,2
312,Strategy_machine_learning,473.0,160,0,0,4.0,5
313,Strategy_machine_learning,365.0,180,0,2,3.6666666666666665,4
314,Strategy_machine_learning,400.0,190,1,1,2.8333333333333335,3
315,Strategy_machine_learning,440.0,170,0,3,2.4166666666666665,2
316,Strategy_machine_learning,445.0,160,1,2,3.0,3
317,Strategy_machine_learning,452.0,170,0,2,2.5833333333333335,3
318,Strategy_machine_learning,439.0,200,1,3,3.1666666666666665,4
319,Strategy_machine_learning,446.0,190,0,1,2.0833333333333335,2
320,Strategy_machine_learning,422.0,170,0,2,3.0,3
321,Strategy_machine_learning,455.0,170,0,3,2.5,3
322,Strategy_machine_learning,394.0,140,0,3,2.75,2
323,Strategy_machine_learning,455.0,180,1,4,3.0,3
324,Strategy_machine_learning,526.0,170,0,0,3.4166666666666665,2
325,Strategy_machine_learning,378.0,180,0,2,2.0833333333333335,2
326,Strategy_machine_learning,541.0,190,0,5,2.4166666666666665,2
327,Strategy_machine_learning,416.0,180,0,2,2.9166666666666665,2
328,Strategy_machine_learning,472.0,200,0,4,2.9166666666666665,4
329,Strategy_machine_learning,401.0,190,2,2,2.1666666666666665,2
330,Strategy_machine_learning,471.0,130,1,5,2.1666666666666665,2
331,Strategy_machine_learning,450.0,180,0,3,3.5833333333333335,4
332,Strategy_machine_learning,465.0,170,0,3,2.5833333333333335,2
333,Strategy_machine_learning,416.0,170,0,0,3.9166666666666665,4
334,Strategy_machine_learning,462.0,160,0,2,3.5,4
335,Strategy_machine_learning,429.0,190,1,2,3.25,3
336,Strategy_machine_learning,445.0,190,0,2,2.0833333333333335,2
337,Strategy_machine_learning,423.0,190,2,2,2.5,2
338,Strategy_machine_learning,450.0,190,0,3,3.5,4
339,Strategy_machine_learning,421.0,160,0,2,2.25,2
340,Strategy_machine_learning,410.0,190,1,3,3.0833333333333335,4
341,Strategy_machine_learning,536.0,190,1,3,2.25,2
342,Strategy_machine_learning,450.0,170,1,1,3.3333333333333335,2
343,Strategy_machine_learning,429.0,160,1,1,4.083333333333333,5
344,Strategy_machine_learning,436.0,180,0,2,2.8333333333333335,2
345,Strategy_machine_learning,423.0,160,0,1,3.3333333333333335,3
346,Strategy_machine_learning,410.0,190,0,3,3.1666666666666665,2
347,Strategy_machine_learning,421.0,180,0,3,3.5,4
348,Strategy_machine_learning,467.0,160,0,3,2.1666666666666665,2
349,Strategy_machine_learning,435.0,160,1,2,3.1666666666666665,3
350,Strategy_machine_learning,481.0,180,0,2,2.5,2
351,Strategy_machine_learning,396.0,170,1,3,3.25,4
352,Strategy_machine_learning,454.0,140,1,3,3.0833333333333335,3
353,Strategy_machine_learning,408.0,180,0,2,2.0833333333333335,2
354,Strategy_machine_learning,416.0,180,0,1,3.8333333333333335,4
355,Strategy_machine_learning,526.0,180,0,3,2.3333333333333335,2
356,Strategy_machine_learning,420.0,180,0,3,3.1666666666666665,4
357,Strategy_machine_learning,454.0,190,1,4,2.75,3
358,Strategy_machine_learning,481.0,180,1,2,2.5,2
359,Strategy_machine_learning,457.0,200,1,2,3.25,3
360,Strategy_machine_learning,396.0,200,2,2,3.1666666666666665,4
361,Strategy_machine_learning,432.0,180,1,2,3.5833333333333335,4
362,Strategy_machine_learning,399.0,180,0,2,2.5833333333333335,2
363,Strategy_machine_learning,482.0,170,0,3,2.9166666666666665,2
364,Strategy_machine_learning,395.0,180,0,0,3.3333333333333335,4
365,Strategy_machine_learning,431.0,150,0,2,3.4166666666666665,4
366,Strategy_machine_learning,451.0,160,0,2,3.0,3
367,Strategy_machine_learning,545.0,180,0,2,4.166666666666667,2
368,Strategy_machine_learning,390.0,190,1,3,2.4166666666666665,2
369,Strategy_machine_learning,459.0,150,1,2,3.4166666666666665,4
370,Strategy_machine_learning,438.0,170,0,5,3.0,3
371,Strategy_machine_learning,448.0,190,0,1,2.6666666666666665,2
372,Strategy_machine_learning,394.0,180,0,3,2.5833333333333335,2
373,Strategy_machine_learning,471.0,170,0,1,3.25,2
374,Strategy_machine_learning,447.0,160,0,1,2.0,2
375,Strategy_machine_learning,460.0,160,1,3,3.6666666666666665,4
376,Strategy_machine_learning,443.0,180,0,2,3.0,2
377,Strategy_machine_learning,386.0,180,0,0,3.8333333333333335,2
378,Strategy_machine_learning,363.0,180,1,1,3.5833333333333335,4
379,Strategy_machine_learning,464.0,170,0,1,3.0,3
380,Strategy_machine_learning,429.0,180,1,1,3.4166666666666665,4
381,Strategy_machine_learning,443.0,170,1,2,2.25,2
382,Strategy_machine_learning,450.0,190,0,3,2.6666666666666665,3
383,Strategy_machine_learning,368.0,170,1,1,4.0,4
384,Strategy_machine_learning,440.0,200,0,2,2.0833333333333335,2
385,Strategy_machine_learning,489.0,190,0,1,2.8333333333333335,2
386,Strategy_machine_learning,422.0,190,1,1,3.8333333333333335,4
387,Strategy_machine_learning,394.0,170,2,3,3.9166666666666665,4
388,Strategy_machine_learning,557.0,140,0,2,2.5,2
389,Strategy_machine_learning,420.0,160,0,3,3.1666666666666665,4
390,Strategy_machine_learning,425.0,170,0,2,2.5833333333333335,3
391,Strategy_machine_learning,407.0,160,1,2,3.8333333333333335,4
392,Strategy_machine_learning,369.0,170,1,0,2.5833333333333335,2
393,Strategy_machine_learning,488.0,180,0,3,3.5,3
394,Strategy_machine_learning,471.0,190,0,3,2.5833333333333335,2
395,Strategy_machine_learning,481.0,170,0,3,2.0833333333333335,2
396,Strategy_machine_learning,437.0,180,0,2,3.8333333333333335,4
397,Strategy_machine_learning,335.0,160,0,2,3.0,3
398,Strategy_machine_learning,416.0,160,0,0,3.9166666666666665,4
399,Strategy_machine_learning,463.0,160,0,1,2.1666666666666665,2
400,Strategy_machine_learning,416.0,150,0,2,4.0,4
401,Strategy_machine_learning,405.0,180,0,3,2.5833333333333335,2
402,Strategy_machine_learning,410.0,180,2,3,3.1666666666666665,2
403,Strategy_machine_learning,402.0,180,0,1,3.8333333333333335,4
404,Strategy_machine_learning,422.0,180,0,2,3.4166666666666665,4
405,Strategy_machine_learning,507.0,170,0,3,2.0833333333333335,2
406,Strategy_machine_learning,428.0,160,0,3,3.4166666666666665,4
407,Strategy_machine_learning,387.0,140,0,2,3.5,4
408,Strategy_machine_learning,413.0,180,0,2,4.0,4
409,Strategy_machine_learning,395.0,150,0,3,3.25,4
410,Strategy_machine_learning,465.0,180,1,2,3.5833333333333335,4
411,Strategy_machine_learning,467.0,180,0,3,3.6666666666666665,4
412,Strategy_machine_learning,465.0,160,0,0,3.0833333333333335,2
413,Strategy_machine_learning,379.0,200,1,3,3.0,3
414,Strategy_machine_learning,453.0,190,0,2,2.0833333333333335,2
415,Strategy_machine_learning,384.0,180,1,4,3.6666666666666665,4
416,Strategy_machine_learning,401.0,190,0,1,2.5,3
417,Strategy_machine_learning,399.0,160,0,2,3.6666666666666665,4
418,Strategy_machine_learning,449.0,180,1,3,3.5833333333333335,4
419,Strategy_machine_learning,520.0,180,0,4,3.0833333333333335,3
420,Strategy_machine_learning,395.0,180,1,2,4.0,4
421,Strategy_machine_learning,386.0,200,0,2,2.0833333333333335,2
422,Strategy_machine_learning,490.0,190,1,1,3.6666666666666665,4
423,Strategy_machine_learning,400.0,180,3,1,3.6666666666666665,4
424,Strategy_machine_learning,498.0,170,1,1,3.0833333333333335,2
425,Strategy_machine_learning,356.0,170,1,4,3.75,4
426,Strategy_machine_learning,440.0,180,0,2,3.5,4
427,Strategy_machine_learning,402.0,150,0,1,3.5833333333333335,4
428,Strategy_machine_learning,392.0,160,0,1,3.5833333333333335,4
429,Strategy_machine_learning,364.0,190,1,3,3.5,4
430,Strategy_machine_learning,494.0,170,0,1,2.8333333333333335,2
431,Strategy_machine_learning,395.0,160,0,3,2.1666666666666665,2
432,Strategy_machine_learning,478.0,170,0,2,2.0833333333333335,2
433,Strategy_machine_learning,418.0,140,0,3,3.5,4
434,Strategy_machine_learning,508.0,170,0,2,3.0833333333333335,3
435,Strategy_machine_learning,378.0,180,0,1,3.8333333333333335,4
436,Strategy_machine_learning,466.0,190,0,1,3.0,3
437,Strategy_machine_learning,446.0,180,1,2,2.8333333333333335,2
438,Strategy_machine_learning,479.0,160,0,4,2.8333333333333335,2
439,Strategy_machine_learning,404.0,170,1,2,2.8333333333333335,2
440,Strategy_machine_learning,414.0,190,0,1,3.0833333333333335,3
441,Strategy_machine_learning,423.0,190,0,4,3.0,3
442,Strategy_machine_learning,412.0,160,0,3,3.1666666666666665,3
443,Strategy_machine_learning,453.0,170,1,2,2.9166666666666665,2
444,Strategy_machine_learning,494.0,170,0,2,3.3333333333333335,2
445,Strategy_machine_learning,505.0,150,1,2,2.6666666666666665,4
446,Strategy_machine_learning,423.0,160,1,0,4.0,4
447,Strategy_machine_learning,457.0,180,0,2,3.0,3
448,Strategy_machine_learning,568.0,180,0,3,3.6666666666666665,4
449,Strategy_machine_learning,471.0,190,0,2,2.1666666666666665,2
450,Strategy_machine_learning,364.0,190,0,3,3.1666666666666665,3
451,Strategy_machine_learning,433.0,160,0,1,2.1666666666666665,2
452,Strategy_machine_learning,429.0,180,0,1,3.6666666666666665,4
453,Strategy_machine_learning,459.0,180,1,1,2.0833333333333335,2
454,Strategy_machine_learning,558.0,190,0,4,3.3333333333333335,4
455,Strategy_machine_learning,446.0,140,0,2,3.6666666666666665,4
456,Strategy_machine_learning,464.0,170,0,1,2.5,2
457,Strategy_machine_learning,396.0,160,0,0,3.9166666666666665,4
458,Strategy_machine_learning,462.0,160,0,3,3.0833333333333335,4
459,Strategy_machine_learning,416.0,180,1,2,3.9166666666666665,4
460,Strategy_machine_learning,471.0,180,1,2,2.75,4
461,Strategy_machine_learning,398.0,180,1,2,3.25,4
462,Strategy_machine_learning,368.0,170,0,3,3.0833333333333335,3
463,Strategy_machine_learning,379.0,170,0,0,4.0,4
464,Strategy_machine_learning,411.0,190,0,2,3.3333333333333335,3
465,Strategy_machine_learning,519.0,150,0,2,3.5,4
466,Strategy_machine_learning,496.0,190,0,3,2.4166666666666665,4
467,Strategy_machine_learning,400.0,160,1,4,3.0833333333333335,4
468,Strategy_machine_learning,498.0,190,0,1,2.0833333333333335,2
469,Strategy_machine_learning,514.0,180,1,3,3.1666666666666665,4
470,Strategy_machine_learning,473.0,180,0,3,4.0,4
471,Strategy_machine_learning,476.0,180,1,4,2.4166666666666665,2
472,Strategy_machine_learning,430.0,180,1,3,2.3333333333333335,2
473,Strategy_machine_learning,427.0,160,0,4,2.9166666666666665,2
474,Strategy_machine_learning,493.0,190,1,3,3.0833333333333335,2
475,Strategy_machine_learning,445.0,190,0,3,3.5,4
476,Strategy_machine_learning,411.0,150,0,1,2.3333333333333335,2
477,Strategy_machine_learning,458.0,150,0,1,3.0833333333333335,3
478,Strategy_machine_learning,376.0,200,0,2,2.75,4
479,Strategy_machine_learning,372.0,170,0,4,4.0,4
480,Strategy_machine_learning,405.0,170,1,2,3.6666666666666665,4
481,Strategy_machine_learning,428.0,180,0,0,2.6666666666666665,3
482,Strategy_machine_learning,362.0,200,0,3,3.1666666666666665,4
483,Strategy_machine_learning,429.0,180,0,2,2.1666666666666665,2
484,Strategy_machine_learning,545.0,190,0,3,2.8333333333333335,3
485,Strategy_machine_learning,436.0,170,0,3,2.4166666666666665,2
486,Strategy_machine_learning,476.0,190,0,3,3.8333333333333335,4
487,Strategy_machine_learning,376.0,180,0,2,4.083333333333333,4
488,Strategy_machine_learning,425.0,160,0,1,3.4166666666666665,4
489,Strategy_machine_learning,498.0,180,0,1,2.3333333333333335,2
490,Strategy_machine_learning,432.0,180,0,3,3.1666666666666665,4
491,Strategy_machine_learning,420.0,170,0,4,4.0,4
492,Strategy_machine_learning,412.0,190,1,3,2.9166666666666665,3
493,Strategy_machine_learning,389.0,190,1,3,3.3333333333333335,2
494,Strategy_machine_learning,410.0,160,0,2,4.0,4
495,Strategy_machine_learning,424.0,170,0,1,3.0,4
496,Strategy_machine_learning,444.0,170,0,2,2.9166666666666665,3
497,Strategy_machine_learning,492.0,130,1,2,2.9166666666666665,3
498,Strategy_machine_learning,416.0,190,0,1,4.0,4
499,Strategy_machine_learning,542.0,190,0,0,3.0,3
500,Strategy_machine_learning,458.0,170,1,2,3.8333333333333335,4
501,Strategy_machine_learning,372.0,180,0,0,2.8333333333333335,2
502,Strategy_machine_learning,434.0,180,0,1,3.9166666666666665,4
503,Strategy_machine_learning,520.0,130,0,3,2.1666666666666665,2
504,Strategy_machine_learning,410.0,180,0,2,2.4166666666666665,2
505,Strategy_machine_learning,410.0,180,1,3,2.0,2
506,Strategy_machine_learning,452.0,160,0,2,3.0833333333333335,3
507,Strategy_machine_learning,408.0,180,0,3,3.75,4
508,Strategy_machine_learning,417.0,180,1,4,3.0,2
509,Strategy_machine_learning,409.0,180,0,3,3.5833333333333335,4
510,Strategy_machine_learning,485.0,170,0,1,3.3333333333333335,2
511,Strategy_machine_learning,423.0,180,1,1,3.0,3
512,Strategy_machine_learning,410.0,170,0,1,3.0,3
513,Strategy_machine_learning,416.0,180,0,2,3.1666666666666665,2
514,Strategy_machine_learning,420.0,190,2,1,2.9166666666666665,3
515,Strategy_machine_learning,415.0,170,0,2,2.9166666666666665,4
516,Strategy_machine_learning,475.0,180,0,3,3.0833333333333335,3
517,Strategy_machine_learning,443.0,170,0,3,3.6666666666666665,4
518,Strategy_machine_learning,456.0,190,0,3,2.6666666666666665,2
519,Strategy_machine_learning,390.0,180,0,1,4.0,4
520,Strategy_machine_learning,494.0,170,1,5,2.3333333333333335,2
521,Strategy_machine_learning,514.0,150,0,4,2.5833333333333335,2
522,Strategy_machine_learning,500.0,180,0,2,2.1666666666666665,2
523,Strategy_machine_learning,496.0,160,0,1,3.1666666666666665,3
524,Strategy_machine_learning,405.0,150,0,4,3.0,3
525,Strategy_machine_learning,490.0,180,0,4,3.25,4
526,Strategy_machine_learning,447.0,190,0,1,2.25,2
527,Strategy_machine_learning,557.0,160,1,2,3.4166666666666665,4
528,Strategy_machine_learning,429.0,170,1,2,3.1666666666666665,4
529,Strategy_machine_learning,393.0,180,0,3,3.4166666666666665,4
530,Strategy_machine_learning,417.0,140,0,4,2.8333333333333335,3
531,Strategy_machine_learning,446.0,190,0,4,3.3333333333333335,3
532,Strategy_machine_learning,426.0,170,1,3,3.3333333333333335,4
533,Strategy_machine_learning,393.0,180,2,5,3.3333333333333335,3
534,Strategy_machine_learning,418.0,150,0,2,2.6666666666666665,2
535,Strategy_machine_learning,426.0,160,1,3,3.0833333333333335,3
536,Strategy_machine_learning,419.0,160,0,3,2.5833333333333335,2
537,Strategy_machine_learning,416.0,160,0,1,4.0,4
538,Strategy_machine_learning,426.0,170,0,2,2.9166666666666665,3
539,Strategy_machine_learning,467.0,180,0,0,2.5,2
540,Strategy_machine_learning,451.0,180,1,3,2.9166666666666665,3
541,Strategy_machine_learning,383.0,180,1,1,2.4166666666666665,2
542,Strategy_machine_learning,546.0,200,0,0,2.0,2
543,Strategy_machine_learning,400.0,170,2,2,2.6666666666666665,2
544,Strategy_machine_learning,371.0,160,2,2,4.0,4
545,Strategy_machine_learning,415.0,190,0,3,2.4166666666666665,2
546,Strategy_machine_learning,434.0,160,0,3,3.75,4
547,Strategy_machine_learning,421.0,180,0,4,3.0,3
548,Strategy_machine_learning,516.0,180,0,3,3.1666666666666665,4
549,Strategy_machine_learning,443.0,190,1,4,2.9166666666666665,3
550,Strategy_machine_learning,435.0,190,1,1,3.3333333333333335,2
551,Strategy_machine_learning,437.0,170,1,3,4.0,4
552,Strategy_machine_learning,498.0,160,0,2,3.0833333333333335,2
553,Strategy_machine_learning,456.0,160,0,2,2.1666666666666665,2
554,Strategy_machine_learning,501.0,200,0,1,3.6666666666666665,4
555,Strategy_machine_learning,427.0,190,0,3,3.0,2
556,Strategy_machine_learning,410.0,180,1,3,3.6666666666666665,4
557,Strategy_machine_learning,441.0,110,0,1,2.25,2
558,Strategy_machine_learning,396.0,140,1,0,3.9166666666666665,4
559,Strategy_machine_learning,407.0,160,1,2,4.333333333333333,4
560,Strategy_machine_learning,521.0,140,1,3,3.25,2
561,Strategy_machine_learning,412.0,160,0,1,3.0,3
562,Strategy_machine_learning,434.0,180,0,1,3.5833333333333335,4
563,Strategy_machine_learning,412.0,120,1,3,2.3333333333333335,2
564,Strategy_machine_learning,425.0,160,1,4,3.0,3
565,Strategy_machine_learning,444.0,170,1,3,2.0833333333333335,2
566,Strategy_machine_learning,426.0,180,0,4,3.25,4
567,Strategy_machine_learning,550.0,190,0,1,2.3333333333333335,2
568,Strategy_machine_learning,370.0,140,2,4,3.3333333333333335,2
569,Strategy_machine_learning,527.0,180,0,3,2.3333333333333335,2
570,Strategy_machine_learning,513.0,190,2,4,3.0833333333333335,2
571,Strategy_machine_learning,514.0,150,0,1,2.3333333333333335,2
572,Strategy_machine_learning,437.0,170,0,1,2.9166666666666665,3
573,Strategy_machine_learning,449.0,160,1,3,3.3333333333333335,2
574,Strategy_machine_learning,414.0,180,1,3,3.6666666666666665,4
575,Strategy_machine_learning,465.0,170,0,2,3.0,2
576,Strategy_machine_learning,452.0,160,1,2,3.9166666666666665,4
577,Strategy_machine_learning,431.0,190,2,3,2.8333333333333335,2
578,Strategy_machine_learning,394.0,140,0,2,2.8333333333333335,4
579,Strategy_machine_learning,420.0,180,0,2,3.8333333333333335,4
580,Strategy_machine_learning,402.0,190,0,5,2.6666666666666665,2
581,Strategy_machine_learning,440.0,180,0,3,2.4166666666666665,2
582,Strategy_machine_learning,364.0,180,0,2,3.5833333333333335,4
583,Strategy_machine_learning,509.0,180,0,3,3.6666666666666665,4
584,Strategy_machine_learning,454.0,150,0,0,2.6666666666666665,2
585,Strategy_machine_learning,413.0,190,0,2,2.1666666666666665,2
586,Strategy_machine_learning,464.0,170,0,2,2.0833333333333335,2
587,Strategy_machine_learning,514.0,190,0,3,3.0,2
588,Strategy_machine_learning,473.0,160,0,3,2.6666666666666665,2
589,Strategy_machine_learning,439.0,190,2,1,3.0833333333333335,3
590,Strategy_machine_learning,459.0,180,1,3,2.9166666666666665,3
591,Strategy_machine_learning,460.0,170,0,1,3.5833333333333335,4
592,Strategy_machine_learning,431.0,150,0,2,2.9166666666666665,3
593,Strategy_machine_learning,399.0,190,0,3,2.5833333333333335,2
594,Strategy_machine_learning,441.0,180,0,3,2.9166666666666665,2
595,Strategy_machine_learning,426.0,160,0,1,3.1666666666666665,4
596,Strategy_machine_learning,402.0,180,0,3,4.0,4
597,Strategy_machine_learning,461.0,140,1,2,2.25,2
598,Strategy_machine_learning,412.0,180,0,2,2.3333333333333335,2
599,Strategy_machine_learning,466.0,180,0,3,2.5,2
600,Strategy_machine_learning,404.0,180,0,3,3.4166666666666665,2
601,Strategy_machine_learning,486.0,150,1,4,2.6666666666666665,2
602,Strategy_machine_learning,383.0,160,1,1,2.0833333333333335,2
603,Strategy_machine_learning,461.0,170,0,2,2.8333333333333335,3
604,Strategy_machine_learning,464.0,190,0,1,2.1666666666666665,2
605,Strategy_machine_learning,410.0,170,1,3,4.0,4
606,Strategy_machine_learning,508.0,200,0,3,2.6666666666666665,4
607,Strategy_machine_learning,520.0,170,0,1,3.9166666666666665,4
608,Strategy_machine_learning,545.0,180,0,1,3.6666666666666665,4
609,Strategy_machine_learning,381.0,180,0,2,2.9166666666666665,3
610,Strategy_machine_learning,470.0,160,1,3,3.5833333333333335,4
611,Strategy_machine_learning,418.0,150,0,3,3.3333333333333335,2
612,Strategy_machine_learning,425.0,180,1,3,3.0,3
613,Strategy_machine_learning,486.0,190,0,3,3.6666666666666665,4
614,Strategy_machine_learning,461.0,150,0,3,3.6666666666666665,4
615,Strategy_machine_learning,390.0,170,1,2,4.083333333333333,4
616,Strategy_machine_learning,483.0,130,1,4,2.5833333333333335,2
617,Strategy_machine_learning,520.0,180,1,1,3.0,3
618,Strategy_machine_learning,387.0,150,0,1,3.6666666666666665,4
619,Strategy_machine_learning,466.0,180,0,3,2.75,2
620,Strategy_machine_learning,402.0,180,0,1,2.9166666666666665,2
621,Strategy_machine_learning,469.0,190,0,3,3.1666666666666665,3
622,Strategy_machine_learning,373.0,140,1,0,3.8333333333333335,4
623,Strategy_machine_learning,640.0,170,0,4,2.8333333333333335,3
624,Strategy_machine_learning,475.0,170,2,1,3.5,4
625,Strategy_machine_learning,438.0,200,0,2,3.9166666666666665,4
626,Strategy_machine_learning,391.0,170,0,2,4.0,4
627,Strategy_machine_learning,473.0,150,0,2,3.25,2
628,Strategy_machine_learning,452.0,170,1,2,2.5833333333333335,2
629,Strategy_machine_learning,439.0,160,0,2,3.0,2
630,Strategy_machine_learning,439.0,170,1,2,3.8333333333333335,4
631,Strategy_machine_learning,449.0,170,0,2,3.25,2
632,Strategy_machine_learning,491.0,170,1,2,3.6666666666666665,4
633,Strategy_machine_learning,402.0,200,0,3,3.25,2
634,Strategy_machine_learning,448.0,150,0,3,2.0,2
635,Strategy_machine_learning,405.0,160,1,1,4.416666666666667,5
636,Strategy_machine_learning,446.0,180,1,3,3.0,3
637,Strategy_machine_learning,448.0,160,0,2,3.0,4
638,Strategy_machine_learning,465.0,140,0,3,3.0833333333333335,4
639,Strategy_machine_learning,400.0,160,1,2,2.5,2
640,Strategy_machine_learning,458.0,160,0,1,3.1666666666666665,4
641,Strategy_machine_learning,408.0,200,1,2,3.9166666666666665,4
642,Strategy_machine_learning,438.0,160,0,3,3.25,3
643,Strategy_machine_learning,468.0,170,1,4,2.9166666666666665,2
644,Strategy_machine_learning,435.0,190,0,0,2.0833333333333335,2
645,Strategy_machine_learning,509.0,160,0,1,3.6666666666666665,4
646,Strategy_machine_learning,417.0,180,0,4,3.0833333333333335,3
647,Strategy_machine_learning,449.0,180,0,3,2.0833333333333335,2
648,Strategy_machine_learning,457.0,170,0,2,2.0833333333333335,2
649,Strategy_machine_learning,426.0,180,0,2,3.5,3
650,Strategy_machine_learning,466.0,160,0,3,2.0833333333333335,2
651,Strategy_machine_learning,418.0,180,0,3,3.0,2
652,Strategy_machine_learning,435.0,170,0,2,2.9166666666666665,2
653,Strategy_machine_learning,404.0,190,0,2,2.0833333333333335,2
654,Strategy_machine_learning,385.0,180,2,1,3.0,3
655,Strategy_machine_learning,401.0,190,1,2,3.6666666666666665,4
656,Strategy_machine_learning,472.0,170,0,4,3.1666666666666665,4
657,Strategy_machine_learning,481.0,150,0,2,2.8333333333333335,3
658,Strategy_machine_learning,448.0,170,0,2,2.3333333333333335,2
659,Strategy_machine_learning,402.0,180,0,1,3.6666666666666665,2
660,Strategy_machine_learning,406.0,180,1,2,3.8333333333333335,4
661,Strategy_machine_learning,403.0,160,0,0,4.0,4
662,Strategy_machine_learning,385.0,190,0,1,3.75,4
663,Strategy_machine_learning,428.0,170,0,5,2.75,2
664,Strategy_machine_learning,381.0,160,1,1,3.5833333333333335,4
665,Strategy_machine_learning,447.0,180,0,2,3.6666666666666665,2
666,Strategy_machine_learning,428.0,160,0,3,2.0833333333333335,2
667,Strategy_machine_learning,447.0,200,2,2,2.9166666666666665,2
668,Strategy_machine_learning,389.0,150,0,3,3.75,4
669,Strategy_machine_learning,398.0,180,0,3,3.5,4
670,Strategy_machine_learning,455.0,180,0,1,2.8333333333333335,2
671,Strategy_machine_learning,428.0,140,0,2,3.25,4
672,Strategy_machine_learning,393.0,180,0,3,2.9166666666666665,3
673,Strategy_machine_learning,445.0,190,2,2,4.0,4
674,Strategy_machine_learning,414.0,170,1,2,3.5833333333333335,4
675,Strategy_machine_learning,431.0,200,0,3,2.75,3
676,Strategy_machine_learning,500.0,140,0,1,2.75,2
677,Strategy_machine_learning,439.0,190,0,0,3.0,2
678,Strategy_machine_learning,461.0,210,1,1,2.0,2
679,Strategy_machine_learning,466.0,150,2,3,3.0833333333333335,2
680,Strategy_machine_learning,444.0,150,0,2,3.4166666666666665,4
681,Strategy_machine_learning,431.0,170,1,3,3.6666666666666665,2
682,Strategy_machine_learning,408.0,180,0,2,3.0833333333333335,3
683,Strategy_machine_learning,394.0,160,0,2,2.4166666666666665,2
684,Strategy_machine_learning,426.0,180,0,2,3.5,4
685,Strategy_machine_learning,420.0,170,1,2,2.6666666666666665,2
686,Strategy_machine_learning,384.0,160,0,2,3.6666666666666665,4
687,Strategy_machine_learning,334.0,170,0,3,3.75,4
688,Strategy_machine_learning,427.0,150,0,2,3.6666666666666665,2
689,Strategy_machine_learning,440.0,160,1,0,4.5,4
690,Strategy_machine_learning,501.0,160,0,2,2.9166666666666665,3
691,Strategy_machine_learning,455.0,190,2,3,3.3333333333333335,2
692,Strategy_machine_learning,512.0,190,1,3,3.1666666666666665,3
693,Strategy_machine_learning,511.0,180,0,2,3.6666666666666665,4
694,Strategy_machine_learning,478.0,170,0,3,2.8333333333333335,2
695,Strategy_machine_learning,483.0,180,0,2,3.3333333333333335,4
696,Strategy_machine_learning,446.0,200,0,3,3.4166666666666665,4
697,Strategy_machine_learning,425.0,160,0,2,3.0,2
698,Strategy_machine_learning,476.0,180,0,4,2.8333333333333335,3
699,Strategy_machine_learning,405.0,170,0,2,3.3333333333333335,3
700,Strategy_machine_learning,471.0,190,1,2,2.1666666666666665,2
701,Strategy_machine_learning,358.0,190,1,2,3.5833333333333335,4
702,Strategy_machine_learning,420.0,160,0,3,3.5833333333333335,4
703,Strategy_machine_learning,378.0,180,0,3,4.0,4
704,Strategy_machine_learning,453.0,170,0,2,3.3333333333333335,4
705,Strategy_machine_learning,442.0,160,0,2,2.75,2
706,Strategy_machine_learning,489.0,160,0,1,2.5,2
707,Strategy_machine_learning,389.0,150,0,4,2.8333333333333335,2
708,Strategy_machine_learning,501.0,160,1,3,3.3333333333333335,2
709,Strategy_machine_learning,367.0,150,0,2,2.6666666666666665,3
710,Strategy_machine_learning,421.0,170,1,3,5.0,5
711,Strategy_machine_learning,381.0,160,0,3,3.0,3
712,Strategy_machine_learning,445.0,170,1,3,3.6666666666666665,4
713,Strategy_machine_learning,462.0,200,1,1,4.0,4
714,Strategy_machine_learning,395.0,200,0,3,3.5833333333333335,2
715,Strategy_machine_learning,498.0,160,0,1,2.6666666666666665,2
716,Strategy_machine_learning,438.0,190,0,0,3.5,4
717,Strategy_machine_learning,476.0,170,0,1,2.4166666666666665,2
718,Strategy_machine_learning,436.0,180,1,2,2.9166666666666665,3
719,Strategy_machine_learning,415.0,170,1,2,2.8333333333333335,2
720,Strategy_machine_learning,385.0,180,0,1,4.083333333333333,4
721,Strategy_machine_learning,425.0,130,1,4,2.8333333333333335,3
722,Strategy_machine_learning,476.0,190,0,0,3.1666666666666665,4
723,Strategy_machine_learning,416.0,180,0,1,4.0,4
724,Strategy_machine_learning,508.0,200,0,2,3.4166666666666665,4
725,Strategy_machine_learning,448.0,160,0,3,2.1666666666666665,2
726,Strategy_machine_learning,415.0,150,0,1,2.6666666666666665,3
727,Strategy_machine_learning,430.0,170,2,2,3.3333333333333335,2
728,Strategy_machine_learning,420.0,160,1,4,3.4166666666666665,2
729,Strategy_machine_learning,435.0,190,0,0,2.0833333333333335,2
730,Strategy_machine_learning,435.0,160,0,3,2.1666666666666665,2
731,Strategy_machine_learning,405.0,180,0,2,2.25,2
732,Strategy_machine_learning,447.0,140,1,1,2.9166666666666665,2
733,Strategy_machine_learning,388.0,180,0,3,3.5,4
734,Strategy_machine_learning,474.0,170,0,1,3.25,4
735,Strategy_machine_learning,461.0,190,1,2,4.0,4
736,Strategy_machine_learning,386.0,190,1,1,3.4166666666666665,4
737,Strategy_machine_learning,408.0,190,0,1,2.9166666666666665,4
738,Strategy_machine_learning,503.0,130,0,2,2.25,2
739,Strategy_machine_learning,545.0,150,2,3,2.9166666666666665,2
740,Strategy_machine_learning,466.0,170,1,4,2.3333333333333335,2
741,Strategy_machine_learning,547.0,180,1,2,3.0,4
742,Strategy_machine_learning,417.0,200,0,2,3.0833333333333335,2
743,Strategy_machine_learning,398.0,200,0,2,4.0,4
744,Strategy_machine_learning,512.0,170,0,4,2.0833333333333335,2
745,Strategy_machine_learning,390.0,150,0,4,3.5,4
746,Strategy_machine_learning,408.0,160,0,3,2.5,2
747,Strategy_machine_learning,434.0,180,0,3,3.1666666666666665,2
748,Strategy_machine_learning,498.0,160,1,1,2.25,2
749,Strategy_machine_learning,438.0,160,0,2,3.0833333333333335,3
750,Strategy_machine_learning,441.0,170,1,3,3.8333333333333335,4
751,Strategy_machine_learning,372.0,180,0,2,3.9166666666666665,4
752,Strategy_machine_learning,382.0,170,0,1,4.0,4
753,Strategy_machine_learning,400.0,150,0,2,3.0,3
754,Strategy_machine_learning,419.0,170,1,2,3.6666666666666665,4
755,Strategy_machine_learning,409.0,170,1,2,2.8333333333333335,4
756,Strategy_machine_learning,393.0,160,0,1,3.25,2
757,Strategy_machine_learning,547.0,160,0,1,2.0,2
758,Strategy_machine_learning,422.0,180,0,3,2.8333333333333335,2
759,Strategy_machine_learning,383.0,150,0,3,3.5,4
760,Strategy_machine_learning,437.0,170,1,3,3.0833333333333335,2
761,Strategy_machine_learning,414.0,160,0,3,3.9166666666666665,4
762,Strategy_machine_learning,448.0,160,0,3,3.4166666666666665,4
763,Strategy_machine_learning,495.0,170,0,3,2.0833333333333335,2
764,Strategy_machine_learning,453.0,180,1,2,3.5833333333333335,4
765,Strategy_machine_learning,426.0,170,1,2,2.75,3
766,Strategy_machine_learning,472.0,170,0,3,2.1666666666666665,2
767,Strategy_machine_learning,442.0,190,0,3,2.0833333333333335,2
768,Strategy_machine_learning,449.0,180,1,1,3.5,4
769,Strategy_machine_learning,446.0,180,1,4,2.0,2
770,Strategy_machine_learning,481.0,180,0,1,3.3333333333333335,4
771,Strategy_machine_learning,403.0,160,0,1,3.3333333333333335,2
772,Strategy_machine_learning,405.0,170,0,1,3.9166666666666665,4
773,Strategy_machine_learning,432.0,190,1,4,3.75,4
774,Strategy_machine_learning,448.0,180,1,1,2.8333333333333335,2
775,Strategy_machine_learning,491.0,160,1,2,2.9166666666666665,2
776,Strategy_machine_learning,384.0,160,0,2,3.0,2
777,Strategy_machine_learning,397.0,170,1,0,3.6666666666666665,4
778,Strategy_machine_learning,485.0,160,0,1,3.0833333333333335,3
779,Strategy_machine_learning,403.0,180,1,4,4.0,4
780,Strategy_machine_learning,477.0,200,0,4,3.0,3
781,Strategy_machine_learning,480.0,190,0,1,2.4166666666666665,2
782,Strategy_machine_learning,469.0,150,1,1,3.6666666666666665,4
783,Strategy_machine_learning,363.0,180,0,3,4.0,4
784,Strategy_machine_learning,432.0,180,1,1,3.4166666666666665,4
785,Strategy_machine_learning,472.0,160,0,3,3.0,4
786,Strategy_machine_learning,409.0,190,0,1,3.5833333333333335,4
787,Strategy_machine_learning,485.0,170,0,4,2.9166666666666665,2
788,Strategy_machine_learning,486.0,170,0,2,4.0,4
789,Strategy_machine_learning,402.0,170,0,3,2.0,2
790,Strategy_machine_learning,433.0,180,1,3,2.8333333333333335,2
791,Strategy_machine_learning,614.0,180,0,3,2.9166666666666665,3
792,Strategy_machine_learning,478.0,170,0,2,2.5,2
793,Strategy_machine_learning,408.0,170,0,3,3.4166666666666665,4
794,Strategy_machine_learning,375.0,160,0,4,2.5833333333333335,2
795,Strategy_machine_learning,393.0,180,0,3,2.8333333333333335,2
796,Strategy_machine_learning,371.0,170,1,2,3.0,3
797,Strategy_machine_learning,430.0,160,1,2,2.75,2
798,Strategy_machine_learning,510.0,110,0,0,2.5833333333333335,2
799,Strategy_machine_learning,437.0,150,0,1,3.0,3
800,Strategy_machine_learning,376.0,170,0,3,3.5833333333333335,4
801,Strategy_machine_learning,400.0,170,1,3,3.25,4
802,Strategy_machine_learning,482.0,170,0,2,3.6666666666666665,4
803,Strategy_machine_learning,419.0,170,0,1,3.0,5
804,Strategy_machine_learning,365.0,150,0,2,2.8333333333333335,3
805,Strategy_machine_learning,456.0,180,0,3,3.1666666666666665,3
806,Strategy_machine_learning,484.0,170,0,3,3.0,3
807,Strategy_machine_learning,457.0,180,0,1,2.1666666666666665,2
808,Strategy_machine_learning,548.0,180,1,2,2.9166666666666665,2
809,Strategy_machine_learning,428.0,190,0,3,3.25,4
810,Strategy_machine_learning,464.0,180,0,0,3.1666666666666665,3
811,Strategy_machine_learning,480.0,170,0,2,2.75,3
812,Strategy_machine_learning,528.0,150,0,3,2.5,2
813,Strategy_machine_learning,402.0,140,1,1,3.1666666666666665,4
814,Strategy_machine_learning,380.0,180,0,4,3.3333333333333335,2
815,Strategy_machine_learning,531.0,170,2,3,3.0,4
816,Strategy_machine_learning,416.0,150,2,2,4.0,4
817,Strategy_machine_learning,426.0,180,0,2,3.0,3
818,Strategy_machine_learning,446.0,190,0,0,2.0,2
819,Strategy_machine_learning,445.0,170,1,3,2.25,2
820,Strategy_machine_learning,520.0,170,0,3,2.4166666666666665,2
821,Strategy_machine_learning,437.0,180,0,2,3.4166666666666665,4
822,Strategy_machine_learning,421.0,190,0,2,2.6666666666666665,2
823,Strategy_machine_learning,401.0,180,0,3,3.5,4
824,Strategy_machine_learning,442.0,190,0,1,3.6666666666666665,4
825,Strategy_machine_learning,442.0,180,0,1,3.5833333333333335,4
826,Strategy_machine_learning,458.0,170,1,4,3.4166666666666665,4
827,Strategy_machine_learning,543.0,170,0,3,3.25,2
828,Strategy_machine_learning,497.0,180,0,4,3.0833333333333335,3
829,Strategy_machine_learning,430.0,190,1,3,2.8333333333333335,2
830,Strategy_machine_learning,426.0,170,1,2,3.9166666666666665,4
831,Strategy_machine_learning,479.0,170,0,2,2.4166666666666665,2
832,Strategy_machine_learning,522.0,150,0,2,2.3333333333333335,2
833,Strategy_machine_learning,419.0,200,0,1,4.0,4
834,Strategy_machine_learning,427.0,170,1,3,3.25,2
835,Strategy_machine_learning,486.0,190,1,2,3.0,3
836,Strategy_machine_learning,464.0,200,0,3,2.5,3
837,Strategy_machine_learning,463.0,200,0,1,3.5833333333333335,4
838,Strategy_machine_learning,523.0,170,0,3,2.75,2
839,Strategy_machine_learning,466.0,160,1,1,2.3333333333333335,2
840,Strategy_machine_learning,402.0,170,0,3,4.416666666666667,5
841,Strategy_machine_learning,429.0,160,0,3,3.0,2
842,Strategy_machine_learning,480.0,200,0,2,2.1666666666666665,2
843,Strategy_machine_learning,449.0,170,0,3,2.5,2
844,Strategy_machine_learning,409.0,160,1,0,3.6666666666666665,4
845,Strategy_machine_learning,415.0,190,0,1,3.8333333333333335,4
846,Strategy_machine_learning,516.0,140,1,3,3.3333333333333335,3
847,Strategy_machine_learning,431.0,200,0,2,3.0,2
848,Strategy_machine_learning,341.0,160,1,2,2.25,2
849,Strategy_machine_learning,527.0,190,0,2,3.0,3
850,Strategy_machine_learning,428.0,180,0,1,2.0,2
851,Strategy_machine_learning,467.0,150,0,2,3.4166666666666665,2
852,Strategy_machine_learning,483.0,190,1,2,3.0,3
853,Strategy_machine_learning,503.0,170,0,2,3.3333333333333335,2
854,Strategy_machine_learning,451.0,180,1,2,2.5833333333333335,2
855,Strategy_machine_learning,502.0,150,1,3,3.0833333333333335,3
856,Strategy_machine_learning,514.0,160,0,4,2.6666666666666665,2
857,Strategy_machine_learning,453.0,180,0,2,2.5,2
858,Strategy_machine_learning,416.0,170,2,1,4.166666666666667,5
859,Strategy_machine_learning,394.0,190,0,1,2.9166666666666665,3
860,Strategy_machine_learning,454.0,150,0,2,2.75,3
861,Strategy_machine_learning,405.0,160,0,3,3.5,4
862,Strategy_machine_learning,418.0,180,0,1,3.25,3
863,Strategy_machine_learning,471.0,180,1,2,2.4166666666666665,2
864,Strategy_machine_learning,478.0,200,0,3,2.9166666666666665,3
865,Strategy_machine_learning,535.0,160,0,0,3.5833333333333335,4
866,Strategy_machine_learning,485.0,180,0,1,3.4166666666666665,4
867,Strategy_machine_learning,408.0,160,0,0,3.0,3
868,Strategy_machine_learning,453.0,170,1,2,3.5,2
869,Strategy_machine_learning,553.0,160,0,3,3.4166666666666665,4
870,Strategy_machine_learning,524.0,140,0,3,2.6666666666666665,2
871,Strategy_machine_learning,427.0,160,0,4,2.5833333333333335,2
872,Strategy_machine_learning,562.0,190,1,2,3.1666666666666665,4
873,Strategy_machine_learning,512.0,110,0,4,2.8333333333333335,2
874,Strategy_machine_learning,516.0,170,0,3,2.3333333333333335,2
875,Strategy_machine_learning,436.0,160,1,2,3.0,3
876,Strategy_machine_learning,398.0,180,0,4,2.0833333333333335,2
877,Strategy_machine_learning,435.0,170,1,4,3.1666666666666665,4
878,Strategy_machine_learning,517.0,180,0,4,3.0,3
879,Strategy_machine_learning,385.0,180,1,4,2.8333333333333335,3
880,Strategy_machine_learning,410.0,140,0,3,3.9166666666666665,4
881,Strategy_machine_learning,468.0,190,0,2,3.75,4
882,Strategy_machine_learning,494.0,190,1,0,2.0833333333333335,2
883,Strategy_machine_learning,424.0,140,1,2,2.25,2
884,Strategy_machine_learning,406.0,180,0,1,4.083333333333333,4
885,Strategy_machine_learning,423.0,170,1,0,3.8333333333333335,4
886,Strategy_machine_learning,405.0,170,0,2,2.75,2
887,Strategy_machine_learning,420.0,170,0,3,3.0833333333333335,2
888,Strategy_machine_learning,541.0,110,0,1,2.75,2
889,Strategy_machine_learning,398.0,150,1,2,2.75,2
890,Strategy_machine_learning,396.0,160,0,3,3.8333333333333335,4
891,Strategy_machine_learning,410.0,190,0,2,4.0,4
892,Strategy_machine_learning,429.0,180,3,3,3.0,3
893,Strategy_machine_learning,455.0,180,1,1,2.0,2
894,Strategy_machine_learning,422.0,170,0,3,2.1666666666666665,2
895,Strategy_machine_learning,430.0,160,1,3,3.75,4
896,Strategy_machine_learning,435.0,180,1,0,2.25,2
897,Strategy_machine_learning,455.0,170,0,3,3.5833333333333335,4
898,Strategy_machine_learning,472.0,140,0,1,2.0833333333333335,2
899,Strategy_machine_learning,394.0,190,0,4,3.1666666666666665,3
900,Strategy_machine_learning,480.0,180,0,2,2.5,2
901,Strategy_machine_learning,418.0,180,0,3,2.9166666666666665,2
902,Strategy_machine_learning,466.0,190,1,5,2.8333333333333335,2
903,Strategy_machine_learning,401.0,150,0,3,3.0,3
904,Strategy_machine_learning,455.0,140,0,3,2.5,3
905,Strategy_machine_learning,370.0,130,0,0,3.4166666666666665,3
906,Strategy_machine_learning,445.0,190,1,3,2.9166666666666665,3
907,Strategy_machine_learning,465.0,160,0,2,2.75,4
908,Strategy_machine_learning,408.0,180,1,1,3.3333333333333335,4
909,Strategy_machine_learning,415.0,180,0,4,3.1666666666666665,4
910,Strategy_machine_learning,486.0,190,0,3,2.25,2
911,Strategy_machine_learning,457.0,140,1,2,2.5,2
912,Strategy_machine_learning,431.0,160,1,4,2.6666666666666665,2
913,Strategy_machine_learning,465.0,200,1,2,2.0833333333333335,2
914,Strategy_machine_learning,412.0,170,2,1,4.0,4
915,Strategy_machine_learning,367.0,170,0,1,3.5,4
916,Strategy_machine_learning,497.0,150,2,3,2.0,2
917,Strategy_machine_learning,453.0,160,0,2,3.0,3
918,Strategy_machine_learning,339.0,170,0,2,3.75,4
919,Strategy_machine_learning,403.0,190,2,2,3.0,3
920,Strategy_machine_learning,456.0,140,0,2,3.0833333333333335,2
921,Strategy_machine_learning,433.0,180,0,2,3.1666666666666665,3
922,Strategy_machine_learning,459.0,180,0,2,3.3333333333333335,3
923,Strategy_machine_learning,473.0,170,0,1,2.4166666666666665,2
924,Strategy_machine_learning,436.0,150,0,2,3.0833333333333335,3
925,Strategy_machine_learning,423.0,180,1,2,3.5,2
926,Strategy_machine_learning,435.0,180,0,2,2.5833333333333335,2
927,Strategy_machine_learning,397.0,190,1,3,3.75,4
928,Strategy_machine_learning,522.0,180,2,3,3.4166666666666665,4
929,Strategy_machine_learning,454.0,190,0,1,3.75,4
930,Strategy_machine_learning,415.0,160,0,2,3.75,4
931,Strategy_machine_learning,394.0,180,0,0,2.0833333333333335,2
932,Strategy_machine_learning,482.0,160,0,1,3.6666666666666665,4
933,Strategy_machine_learning,432.0,180,0,4,3.0,3
934,Strategy_machine_learning,473.0,170,0,2,2.5,2
935,Strategy_machine_learning,448.0,170,0,1,2.8333333333333335,2
936,Strategy_machine_learning,481.0,160,1,2,3.5833333333333335,4
937,Strategy_machine_learning,402.0,180,0,1,3.75,4
938,Strategy_machine_learning,459.0,160,0,2,3.8333333333333335,4
939,Strategy_machine_learning,447.0,170,1,2,2.25,2
940,Strategy_machine_learning,430.0,170,0,2,4.666666666666667,5
941,Strategy_machine_learning,518.0,180,0,1,2.5833333333333335,3
942,Strategy_machine_learning,411.0,140,0,2,2.9166666666666665,4
943,Strategy_machine_learning,419.0,160,0,4,2.8333333333333335,2
944,Strategy_machine_learning,451.0,150,0,1,3.5833333333333335,2
945,Strategy_machine_learning,504.0,130,0,3,3.0,2
946,Strategy_machine_learning,410.0,160,0,1,4.166666666666667,4
947,Strategy_machine_learning,421.0,200,1,2,2.75,2
948,Strategy_machine_learning,445.0,190,0,3,3.4166666666666665,4
949,Strategy_machine_learning,458.0,170,0,1,2.25,2
950,Strategy_machine_learning,430.0,170,1,2,3.0833333333333335,3
951,Strategy_machine_learning,426.0,150,0,0,2.25,2
952,Strategy_machine_learning,437.0,200,1,4,2.8333333333333335,2
953,Strategy_machine_learning,476.0,160,0,2,2.0,2
954,Strategy_machine_learning,438.0,190,0,4,3.0,3
955,Strategy_machine_learning,374.0,150,0,1,3.75,4
956,Strategy_machine_learning,408.0,180,0,2,3.5833333333333335,4
957,Strategy_machine_learning,540.0,180,0,2,3.1666666666666665,4
958,Strategy_machine_learning,376.0,140,0,1,4.75,5
959,Strategy_machine_learning,370.0,190,0,3,3.6666666666666665,4
960,Strategy_machine_learning,470.0,150,0,3,2.9166666666666665,3
961,Strategy_machine_learning,435.0,160,1,2,3.5833333333333335,4
962,Strategy_machine_learning,432.0,170,0,2,2.9166666666666665,2
963,Strategy_machine_learning,454.0,170,0,2,3.5,4
964,Strategy_machine_learning,496.0,200,0,1,2.5,2
965,Strategy_machine_learning,447.0,140,0,2,3.25,2
966,Strategy_machine_learning,515.0,170,0,3,2.4166666666666665,2
967,Strategy_machine_learning,485.0,180,2,1,3.5,4
968,Strategy_machine_learning,405.0,170,0,5,2.6666666666666665,2
969,Strategy_machine_learning,514.0,200,0,1,2.4166666666666665,2
970,Strategy_machine_learning,456.0,190,0,3,3.3333333333333335,4
971,Strategy_machine_learning,509.0,170,0,4,2.6666666666666665,2
972,Strategy_machine_learning,492.0,160,0,2,3.0833333333333335,3
973,Strategy_machine_learning,472.0,190,1,1,2.1666666666666665,2
974,Strategy_machine_learning,413.0,170,0,0,3.0833333333333335,2
975,Strategy_machine_learning,488.0,160,1,1,2.1666666666666665,2
976,Strategy_machine_learning,429.0,140,1,1,3.8333333333333335,4
977,Strategy_machine_learning,468.0,170,0,3,2.0833333333333335,2
978,Strategy_machine_learning,415.0,180,2,2,3.3333333333333335,2
979,Strategy_machine_learning,470.0,180,0,3,2.4166666666666665,2
980,Strategy_machine_learning,418.0,190,0,1,2.5833333333333335,4
981,Strategy_machine_learning,536.0,150,1,2,3.25,2
982,Strategy_machine_learning,447.0,160,1,3,3.3333333333333335,4
983,Strategy_machine_learning,486.0,190,0,1,3.0833333333333335,4
984,Strategy_machine_learning,419.0,170,0,2,3.4166666666666665,2
985,Strategy_machine_learning,372.0,160,1,3,3.5,4
986,Strategy_machine_learning,414.0,180,0,3,2.1666666666666665,2
987,Strategy_machine_learning,464.0,200,0,1,3.3333333333333335,2
988,Strategy_machine_learning,461.0,160,0,4,2.5833333333333335,2
989,Strategy_machine_learning,483.0,190,0,2,2.6666666666666665,2
990,Strategy_machine_learning,503.0,170,0,1,2.5,2
991,Strategy_machine_learning,426.0,180,0,1,2.8333333333333335,3
992,Strategy_machine_learning,369.0,190,1,2,3.3333333333333335,2
993,Strategy_machine_learning,485.0,170,1,2,2.25,2
994,Strategy_machine_learning,444.0,170,1,4,3.6666666666666665,4
995,Strategy_machine_learning,469.0,190,1,1,2.25,2
996,Strategy_machine_learning,447.0,180,0,0,2.5833333333333335,3
997,Strategy_machine_learning,497.0,160,0,0,2.25,2
998,Strategy_machine_learning,425.0,170,0,2,2.25,2
999,Strategy_machine_learning,453.0,170,1,3,3.0,3
